<?xml version="1.0" encoding="UTF-8"?>
<krpano>

<!-- ************************ -->
<!--         Messages         -->
<!-- ************************ -->

  <data name="en_project_title"><![CDATA[New Project]]></data>


  <data name="en_panogroup52_title"><![CDATA[Group 52]]></data>

  <data name="en_pano9_title"><![CDATA[haal]]></data>
  <data name="en_spotpoint21_tooltip"><![CDATA[kitchen]]></data>
  <data name="en_spotpoint25_tooltip"><![CDATA[tv wall]]></data>
  <data name="en_pano11_title"><![CDATA[kitchen]]></data>
  <data name="en_spotpoint22_tooltip"><![CDATA[saloon]]></data>
  <data name="en_spotpoint27_tooltip"><![CDATA[tv wall]]></data>
  <data name="en_pano23_title"><![CDATA[tv wall]]></data>
  <data name="en_spotpoint26_tooltip"><![CDATA[saloon]]></data>
  <data name="en_spotpoint28_tooltip"><![CDATA[kitchen]]></data>
  <data name="en_spotpoint33_tooltip"><![CDATA[room 1]]></data>
  <data name="en_spotpoint36_tooltip"><![CDATA[room 2]]></data>
  <data name="en_spotpoint40_tooltip"><![CDATA[room 3]]></data>
  <data name="en_pano29_title"><![CDATA[room 01]]></data>
  <data name="en_spotpoint32_tooltip"><![CDATA[tv wall]]></data>
  <data name="en_pano34_title"><![CDATA[room 02]]></data>
  <data name="en_spotpoint37_tooltip"><![CDATA[tv wall]]></data>
  <data name="en_pano38_title"><![CDATA[room 03]]></data>
  <data name="en_spotpoint41_tooltip"><![CDATA[tv wall]]></data>





	<data name="en_panogroup52_floor_title"><![CDATA[mr abdoli]]></data>
	<data name="en_spotmap58_tooltip"><![CDATA[saloon]]></data>
	<data name="en_spotmap59_tooltip"><![CDATA[kitchen]]></data>
	<data name="en_spotmap60_tooltip"><![CDATA[tv wall]]></data>
	<data name="en_spotmap61_tooltip"><![CDATA[room 1]]></data>
	<data name="en_spotmap62_tooltip"><![CDATA[room 2]]></data>
	<data name="en_spotmap63_tooltip"><![CDATA[room 3]]></data>











</krpano>