<?xml version="1.0" encoding="UTF-8"?>
<krpano version="1.18">

    
  <!-- Spot Style - Default Point Spot Style 1 -->
  <style name="IconDefaultPointSpotStyle1"
         url="%FIRSTXML%/spots/hotspot_neutral_sequence_user_defaultpoint0.png"
         visible="false"
         frame="0"
         lastframe="17"
         framewidth="56"
         frameheight="56"
         stopspotsequence="false"
         onloaded="setdefaultanimatedspotframe();startspotanimation(0.1);"
         onhover="onhoverIconDefaultPointSpotStyle1"
         onout="onoutIconDefaultPointSpotStyle1"
         height="150"
         width="150"
         />
  <action name="onhoverIconDefaultPointSpotStyle1">
    showtooltip('hotspot');
  </action>
  <action name="onoutIconDefaultPointSpotStyle1">
    hideTooltip();



  </action>



  <!-- unsupported kind of display : PointMap -->




	
	<!-- ********* -->
	<!-- FloorPlan -->
	<!-- ********* -->
	
	<ptplugin name="floorPlan" engine="KolorFloorPlan">
		<settings>
			<option name="background_color" value="ffffff" type="string" />
			<option name="background_lighter_color" value="ffffff" type="string" />
			<option name="background_darker_color" value="d5d5d5" type="string" />
			<option name="background_alpha" value="1" type="float" />
			<option name="text_color" value="000000" type="string" />
			<option name="resize" value="true" type="bool" />
			<option name="fp_selector" value="one" type="string" />
			<option name="fp_selector_label" value="floorPlanmenu_label" type="string" />
			<option name="display_title" value="true" type="bool" />
			<option name="title" value="panogroup52_floor_title" type="string" />
			<option name="title_font" value="Verdana" type="string" />
			<option name="title_size" value="14" type="int" />
			<option name="title_weight" value="normal" type="string" />
			<option name="title_decoration" value="normal" type="string" />
			<option name="title_color" value="000000" type="string" />
			<option name="display_orientation" value="false" type="bool" />
			<option name="display_radar" value="true" type="bool" />
			<option name="radar_radius" value="150" type="int" />
			<option name="radar_line_width" value="1" type="int" />
			<option name="radar_line_color" value="4221ff" type="string" />
			<option name="radar_line_alpha" value="0.500007629510948" type="float" />
			<option name="radar_fill_color" value="cc5f20" type="string" />
			<option name="radar_fill_alpha" value="0.0899977111467155" type="float" />
			<option name="close_on_click" value="false" type="bool" />
			<option name="zorder" value="0" type="int" />
		</settings>
		
		<floorplanItems selectedItem="" selectedSpot="" selectedSpotScene="" selectedSpotHeading="" selectedSpotFov="">
			
			
							<floorplanItem 
								name="fpitempanogroup52" 
								width="4128" 
								height="2362" 
								groupName="panogroup52" 
								url="floorplan/_111111111_panogroup52.png" 
								title="panogroup52_floor_title"
								heading="0">
										<spot name="spotmap58" posX="0.796319" posY="0.321888" heading="0" desc="spotmap58_tooltip" descType="tooltip" groupName="" isScene="true" scene="pano9" jsClick="spotmap58ActionSpotFloorPlan">
											<icon url="spots/hotspot_neutral_user_defaultmap0.png" iconWidth="70" iconHeight="70" iconAnchor="center" />
										</spot>
										<spot name="spotmap59" posX="0.764417" posY="0.871245" heading="-2.99999999999994" desc="spotmap59_tooltip" descType="tooltip" groupName="" isScene="true" scene="pano11" jsClick="spotmap59ActionSpotFloorPlan">
											<icon url="spots/hotspot_neutral_user_defaultmap0.png" iconWidth="70" iconHeight="70" iconAnchor="center" />
										</spot>
										<spot name="spotmap60" posX="0.47362" posY="0.244635" heading="98.8000000000029" desc="spotmap60_tooltip" descType="tooltip" groupName="" isScene="true" scene="pano23" jsClick="spotmap60ActionSpotFloorPlan">
											<icon url="spots/hotspot_neutral_user_defaultmap0.png" iconWidth="70" iconHeight="70" iconAnchor="center" />
										</spot>
										<spot name="spotmap61" posX="0.50184" posY="0.856223" heading="0" desc="spotmap61_tooltip" descType="tooltip" groupName="" isScene="true" scene="pano29" jsClick="spotmap61ActionSpotFloorPlan">
											<icon url="spots/hotspot_neutral_user_defaultmap0.png" iconWidth="70" iconHeight="70" iconAnchor="center" />
										</spot>
										<spot name="spotmap62" posX="0.149693" posY="0.429185" heading="90.8000000000027" desc="spotmap62_tooltip" descType="tooltip" groupName="" isScene="true" scene="pano34" jsClick="spotmap62ActionSpotFloorPlan">
											<icon url="spots/hotspot_neutral_user_defaultmap0.png" iconWidth="70" iconHeight="70" iconAnchor="center" />
										</spot>
										<spot name="spotmap63" posX="0.148466" posY="0.180258" heading="-96.3999999999958" desc="spotmap63_tooltip" descType="tooltip" groupName="" isScene="true" scene="pano38" jsClick="spotmap63ActionSpotFloorPlan">
											<icon url="spots/hotspot_neutral_user_defaultmap0.png" iconWidth="70" iconHeight="70" iconAnchor="center" />
										</spot>
							</floorplanItem>
		</floorplanItems>
	</ptplugin>
	
	<action name="kolorFloorplanJsReady-floorPlan">
		set(ptplugin[floorPlan].jsready, true);
		
		ifnot(ptplugin[floorPlan].floorplanItems[0].selectedSpot == "",
			set(ptplugin[floorPlan].floorplanItems[0].selectedSpotFov, get(view.hfov));
			js(invokePluginFunction(floorPlan, setKolorFloorPlanSelectedSpotOptions, get(xml.scene), get(view.hlookat), get(view.hfov)));
		);
	</action>
	
	
	
					<!-- floorplan panogroup52 spots counter : 6 -->
						<action name="spotmap58ActionSpotFloorPlan">
          if (xml.scene != pano9,
            mainloadscene(pano9);
          );
      lookat(get(panoview.h), get(panoview.v), get(panoview.fov));
    

</action>
						<action name="spotmap59ActionSpotFloorPlan">
          if (xml.scene != pano11,
            mainloadscene(pano11);
          );
      lookat(get(panoview.h), get(panoview.v), get(panoview.fov));
    

</action>
						<action name="spotmap60ActionSpotFloorPlan">
          if (xml.scene != pano23,
            mainloadscene(pano23);
          );
      lookat(get(panoview.h), get(panoview.v), get(panoview.fov));
    

</action>
						<action name="spotmap61ActionSpotFloorPlan">
          if (xml.scene != pano29,
            mainloadscene(pano29);
          );
      lookat(get(panoview.h), get(panoview.v), get(panoview.fov));
    

</action>
						<action name="spotmap62ActionSpotFloorPlan">
          if (xml.scene != pano34,
            mainloadscene(pano34);
          );
      lookat(get(panoview.h), get(panoview.v), get(panoview.fov));
    

</action>
						<action name="spotmap63ActionSpotFloorPlan">
          if (xml.scene != pano38,
            mainloadscene(pano38);
          );
      lookat(get(panoview.h), get(panoview.v), get(panoview.fov));
    

</action>
	
	
	<events name="floorPlanEvents" 
	onxmlcomplete="ifnot(floorPlanFloorPlanLoaded,set(tour_displayfloorplan,true););floorPlanActivateDefaultSpot();" 
	onviewchanged="floorPlanOnViewChange();" 
	onhidetourfloorplan="floorPlanCloseTourFloorPlan();" 
	onshowtourfloorplan="if(tour_displayfloorplan,floorPlanOpenTourFloorPlan(););" 
	onTourStart="floorPlanOpenTourFloorPlan();"
	keep="true" />
	
	
	<krpano floorPlanFloorPlanLoaded="false" />
	
	<action name="floorPlanHideTourFloorPlan">
		hideKolorArea-floorPlanArea(false);
	</action>
	
	<action name="floorPlanCloseTourFloorPlan">
		if(ptplugin[floorPlanArea].isOpen,
			closeKolorArea-floorPlanArea();
		);
	</action>
	
	<action name="floorPlanShowTourFloorPlan">
		showKolorArea-floorPlanArea(false);
	</action>
	
	<action name="floorPlanOpenTourFloorPlan">
		ifnot(ptplugin[floorPlanArea].isOpen,
			openKolorArea-floorPlanArea();
		);
	</action>
	
	<action name="floorPlanOnViewChange">
		if (floorPlanFloorPlanLoaded == true,
			ifnot(ptplugin[floorPlan].floorplanItems[0].selectedSpot == "",
				ifnot(scene[get(xml.scene)].planar,
					js(invokePluginFunction(floorPlan, changeDirection, get(xml.scene), get(view.hlookat), get(view.hfov)));
				);
			);
		);
	</action>
	
	<action name="floorPlanActivateSpot">
		
		set(ptplugin[floorPlan].floorplanItems[0].selectedSpot, %1);
		set(ptplugin[floorPlan].floorplanItems[0].selectedItem, %2);
		
		ifnot(%1 == "",
			set(ptplugin[floorPlan].floorplanItems[0].selectedSpotScene, get(xml.scene));
			set(ptplugin[floorPlan].floorplanItems[0].selectedSpotHeading, get(view.hlookat));
			set(ptplugin[floorPlan].floorplanItems[0].selectedSpotFov, get(view.hfov));
		);
		
		js(invokePluginFunction(floorPlan, selectSpot, %1, %2, %3));

		ifnot(%1 == "",
			if(scene[get(xml.scene)].planar,
				js(invokePluginFunction(floorPlan, hideRadar));
			,
				js(invokePluginFunction(floorPlan, changeDirection, get(xml.scene), get(view.hlookat), get(view.hfov)));
			);
		);
	</action>
	
	<action name="floorPlanDeactivateSpot">
		set(ptplugin[floorPlan].floorplanItems[0].selectedSpot, "");
		
		js(invokePluginFunction(floorPlan, unselectSpot));
	</action>
	
	<action name="floorPlanActivateDefaultSpot">
		set(floorPlanFloorPlanLoaded, true);
		
		set(floorPlanSpotFound, "");
		set(floorPlanSpotScene, "");
		set(floorPlanItemFound, "");
		set(floorPlanItemSearch, true);
		set(floorPlanSpotSearchActivated, true);
		set(floorPlanSpotSearchContinue, true);
		
		
		set(defaultfloorplaniteminc-wait,50);
		for(set(defaultfloorplaniteminc,0), defaultfloorplaniteminc LT ptplugin[floorPlan].floorplanItems[0].floorplanItem.count , inc(defaultfloorplaniteminc),
			if(defaultfloorplaniteminc-wait == defaultfloorplaniteminc,
				add(defaultfloorplaniteminc-wait,50);
				wait(0);
			);
			if(floorPlanSpotSearchActivated == true,
				
				if(ptplugin[floorPlan].floorplanItems[0].floorplanItem[get(defaultfloorplaniteminc)].groupName == scene[get(xml.scene)].group,
					set(floorPlanItemFound, get(ptplugin[floorPlan].floorplanItems[0].floorplanItem[get(defaultfloorplaniteminc)].name));
					set(ptplugin[floorPlan].floorplanItems[0].selectedItem, get(ptplugin[floorPlan].floorplanItems[0].floorplanItem[get(defaultfloorplaniteminc)].name));
					set(floorPlanItemSearch, false);
				,
					
					if(floorPlanItemFound == "",
						set(floorPlanItemFound, get(ptplugin[floorPlan].floorplanItems[0].floorplanItem[get(defaultfloorplaniteminc)].name));
					);
				);
			);
			if(floorPlanSpotSearchActivated == true,
				set(defaultspotinc-wait,50);
				for(set(defaultspotinc,0), defaultspotinc LT ptplugin[floorPlan].floorplanItems[0].floorplanItem[get(defaultfloorplaniteminc)].spot.count , inc(defaultspotinc),
					if(defaultspotinc-wait == defaultspotinc,
						add(defaultspotinc-wait,50);
						wait(0);
					);
					if(ptplugin[floorPlan].floorplanItems[0].floorplanItem[get(defaultfloorplaniteminc)].spot[get(defaultspotinc)].isScene == true,
					
						if(floorPlanSpotSearchContinue == true,
							if(ptplugin[floorPlan].floorplanItems[0].floorplanItem[get(defaultfloorplaniteminc)].spot[get(defaultspotinc)].scene == xml.scene,
								set(floorPlanSpotFound, get(ptplugin[floorPlan].floorplanItems[0].floorplanItem[get(defaultfloorplaniteminc)].spot[get(defaultspotinc)].name));
								set(floorPlanSpotScene, get(ptplugin[floorPlan].floorplanItems[0].floorplanItem[get(defaultfloorplaniteminc)].spot[get(defaultspotinc)].scene));
								set(ptplugin[floorPlan].floorplanItems[0].selectedItem, get(ptplugin[floorPlan].floorplanItems[0].floorplanItem[get(defaultfloorplaniteminc)].name));
								if(floorPlanItemSearch == false,
									set(floorPlanSpotSearchContinue, false);
									set(floorPlanSpotSearchActivated, false);
								);
							);
						);
					);
					
				);
			);
		);
		
		if(floorPlanSpotFound == "",
			
			
			floorPlanDeactivateSpot();
			
			
			set(ptplugin[floorPlan].floorplanItems[0].selectedItem, get(floorPlanItemFound));
			
			
			ifnot(ptplugin[floorPlan].floorplanItems[0].selectedItem == "",
				floorPlanActivateSpot("", get(ptplugin[floorPlan].floorplanItems[0].selectedItem), "");
			);
		,
			
			floorPlanActivateSpot(get(floorPlanSpotFound), get(ptplugin[floorPlan].floorplanItems[0].selectedItem), get(floorPlanSpotScene));
		);
	</action>
	
	<action name="floorPlanChangeTitle">
		js(invokePluginFunction(floorPlan, changeTitle, %1));
	</action>
	
	<ptplugin name="floorPlanArea" engine="kolorArea">
	<settings>
		<option name="position" value="bottomleft" type="string" />
		<option name="start_position" value="left" type="string" />
		<option name="margin_x" value="100" type="int" />
		<option name="margin_y" value="100" type="int" />
		<option name="display_title" value="true" type="bool" />
		<option name="title" value="panogroup52_floor_title" type="string" />
		<option name="title_font" value="Verdana" type="string" />
		<option name="title_size" value="14" type="int" />
		<option name="title_weight" value="normal" type="string" />
		<option name="title_decoration" value="normal" type="string" />
		<option name="title_color" value="000000" type="string" />
		<option name="close_displayed" value="false" type="bool" />
		<option name="background_color" value="ffffff" type="string" />
		<option name="background_alpha" value="1" type="float" />
		<option name="overlay_displayed" value="false" type="bool" />
		<option name="overlay_color" value="000000" type="string" />
		<option name="overlay_alpha" value="0.500007629510948" type="float" />
		<option name="padding" value="1" type="int" />
		<option name="topleft_radius" value="30" type="int" />
		<option name="topright_radius" value="30" type="int" />
		<option name="bottomleft_radius" value="30" type="int" />
		<option name="bottomright_radius" value="30" type="int" />
		<option name="area_border_width" value="0" type="int" />
		<option name="area_border_color" value="f2f2f2" type="string" />
		<option name="area_width" value="1300" type="int" />
		<option name="area_height" value="850" type="int" />
		<option name="area_width_unit" value="pixel" type="string" />
		<option name="area_height_unit" value="pixel" type="string" />
		<option name="animation" value="false" type="bool" />
		<option name="animation_duration" value="500" type="int" />
		<option name="close_on_click" value="false" type="bool" />
		<option name="refresh_content" value="false" type="bool" />
		<option name="open_callback" value="addKolorFloorPlan('floorPlan', 'floorPlanArea-floorplanDIV');" type="string" />
		<option name="close_callback" value="invokeKrFunction('closeKolorAreaCallback-floorPlanArea')" type="string" />
		<option name="zorder" value="0" type="int" />
	</settings>
	</ptplugin>
	
	<action name="kolorAreaJsReady-floorPlanArea">
		set(ptplugin[floorPlanArea].jsready, true);
	</action>
	
	<action name="openKolorArea-floorPlanArea">
		ifnot(ptplugin[floorPlanArea].isOpen,
			set(ptplugin[floorPlanArea].isOpen, true);
			set(ptplugin[floorPlanArea].visible, true);
			set(ptplugin[floorPlanArea].doNotDeleteMe, false);
			pauseautorotation(forceplugin);

			js(showKolorArea(floorPlanArea, &lt;div id="floorPlanArea-floorplanDIV"&gt;&lt;/div&gt;));
			events.dispatch(onremovedisplayedobject);
		);
	</action>
	
	<action name="closeKolorArea-floorPlanArea">
		if(ptplugin[floorPlanArea].isOpen,
			resumeautorotation(forceplugin);

			js(invokePluginFunction(floorPlanArea, closeKolorArea));
			set(ptplugin[floorPlanArea].isOpen, false);
		);
	</action>
	
	<action name="toggleKolorArea-floorPlanArea">
		if(ptplugin[floorPlanArea].isOpen,
			closeKolorArea-floorPlanArea();
		,
			openKolorArea-floorPlanArea();
		);
	</action>
	
	<action name="closeKolorAreaCallback-floorPlanArea">
		set(ptplugin[floorPlanArea].isOpen, false);hideFloorplan();

	</action>
	
	<action name="changeTitleKolorArea-floorPlanArea">
		js(invokePluginFunction(floorPlanArea, changeTitle, %1));
	</action>
	
	<action name="showKolorArea-floorPlanArea">
		set(ptplugin[floorPlanArea].visible, true);
		set(ptplugin[floorPlanArea].doNotDeleteMe, false);
		pauseautorotation(forceplugin);

		js(invokePluginFunction(floorPlanArea, showKolorArea, %1));
		events.dispatch(onremovedisplayedobject);
	</action>
		
	<action name="hideKolorArea-floorPlanArea">
		resumeautorotation(forceplugin);

		set(ptplugin[floorPlanArea].visible, false);
		js(invokePluginFunction(floorPlanArea, hideKolorArea, %1));
	</action>
	
	<events name="kolorAreaEvents-floorPlanArea" 
		keep="true"
	/>
	
	

  <!-- FLOORPLAN -->
  <action name="hideFloorplan">set(tour_displayfloorplan, false);events.dispatch(onhidetourfloorplan);</action>
  <action name="showFloorplan">set(tour_displayfloorplan, true); events.dispatch(onshowtourfloorplan);</action>


</krpano>