<?xml version="1.0" encoding="UTF-8"?>
<krpano version="1.18"
        onstart="startup"
        logkey="false"
        bgcolor="#ffffff"
        projectfloorplanurl=""
        projecttitleid="project_title"
        projectdescriptionid="">


  <security cors="">
    <!--
    <crossdomainxml url="http://RESSOURCES_URL/crossdomain.xml" />
    -->
    <allowdomain domain="*" />
  </security>

  <krpano tour_firststartactiondone="false" />
  <events name="startbehavioursevents" onxmlcomplete="startbehavioursxmlcompleteaction();" keep="true"/>

  <!-- generated by Panotour Pro V2.3.0 64bits : 25-08-2025 00-11-49 -->
  <!-- Plugins and Spot Styles -->
  <include url="%FIRSTXML%/abdoli panoram 01010_skin.xml"/>
  <!-- Core actions -->
  <include url="%FIRSTXML%/abdoli panoram 01010_core.xml"/>
  <!-- Tour Messages -->
  <include url="%FIRSTXML%/abdoli panoram 01010_messages_en.xml"/>

  <action name="startup">

    if (skipintro !== null, skipintroaction(); );
    if (s !== null, if (startscene === null, set(startscene, get(s));); );
    if (startscene === null,
      set(startscene, pano9);
    );
    mainloadscene(get(startscene));
    if (h !== null,
      if (v !== null,
        if (f !== null,
          lookat(get(h), get(v), get(f));
         ,
          lookat(get(h), get(v));
        );
      );
    );
  </action>



  <!-- 1 Groups -->
  <panoramagroup name="panogroup52"
                 mainscene="pano9"
                 color="808080"
                 alpha="1"
                 thumburl="%FIRSTXML%/haal_9/thumbnail.jpg"
                 floorplanurl="%FIRSTXML%/floorplan/_111111111_panogroup52.png"
                 titleid="panogroup52_title"
                 descriptionid=""/>

  <!-- Group Group 52 : 6 panoramas -->
  

<!-- **** @PanoName="haal" @PanoFile="D:/work/1404/22.abdoli(vahede tabaghe 5)/render/1/tarhe 1 mr abdoli.png" **** -->
<scene name="pano9"
       heading="0"
       group="panogroup52"
       thumburl="%FIRSTXML%/haal_9/thumbnail.jpg"
       backgroundsound=""
       backgroundsoundloops="0"
       titleid="pano9_title"
       descriptionid=""
       multires="true"
       planar="false"
       full360="true"
       seen="false">


    <autorotate horizon="0.000000" tofov="90.000000" waittime="1" speed="5"/>

    <panoview h="0.000000" v="0.000000" fov="90.000000" hmin="-180" hmax="180" vmin="-90" vmax="90" fovmax="120" />

    <view fisheye="0"
          limitview="range"
          hlookatmin="-180"
          hlookatmax="180"
          vlookatmin="-90"
          vlookatmax="90"
          maxpixelzoom="1.0"
          fovmax="120"
          fov="90.000000"
          hlookat="0.000000"
          vlookat="0.000000"/>

    <preview url="%FIRSTXML%/haal_9/preview.jpg" type="CUBESTRIP" striporder="FRBLUD"/>

    <image type="CUBE" multires="true" baseindex="0" tilesize="512" devices="!androidstock|webgl">
      <level tiledimagewidth="1274" tiledimageheight="1274">
          <front url="haal_9/0/1/%v_%u.jpg"/>
          <right url="haal_9/1/1/%v_%u.jpg"/>
          <back  url="haal_9/2/1/%v_%u.jpg"/>
          <left  url="haal_9/3/1/%v_%u.jpg"/>
          <up    url="haal_9/4/1/%v_%u.jpg"/>
          <down  url="haal_9/5/1/%v_%u.jpg"/>
      </level>
      <level tiledimagewidth="637" tiledimageheight="637">
          <front url="haal_9/0/0/%v_%u.jpg"/>
          <right url="haal_9/1/0/%v_%u.jpg"/>
          <back  url="haal_9/2/0/%v_%u.jpg"/>
          <left  url="haal_9/3/0/%v_%u.jpg"/>
          <up    url="haal_9/4/0/%v_%u.jpg"/>
          <down  url="haal_9/5/0/%v_%u.jpg"/>
      </level>
    </image>
      <image type="CUBE" devices="androidstock+!webgl">
        <front url="haal_9/mobile/0.jpg"/>
        <right url="haal_9/mobile/1.jpg"/>
        <back  url="haal_9/mobile/2.jpg"/>
        <left  url="haal_9/mobile/3.jpg"/>
        <up    url="haal_9/mobile/4.jpg"/>
        <down  url="haal_9/mobile/5.jpg"/>
      </image>



  <!-- **** 2 Point Spots **** -->

  <hotspot name="spotpoint21"
           ath="-174.677940" atv="-0.190260"
           visible="true"
           style="IconDefaultPointSpotStyle1"
           descriptionid=""
           onclick="onclickspotpoint21"
           tooltip="spotpoint21_tooltip"
           />
  <hotspot name="spotpoint21" devices="flash" zorder="3"/>
  <hotspot name="spotpoint21" devices="html5+desktop" zorder="3" zorder2="1"/>
  <hotspot name="spotpoint21" devices="tablet|mobile" zorder2="1"/>
  <action name="onclickspotpoint21">
  
        mainloadscene(pano11);
      lookat(get(panoview.h), get(panoview.v), get(panoview.fov));
    


  </action>

  <hotspot name="spotpoint25"
           ath="-89.144644" atv="-0.951299"
           visible="true"
           style="IconDefaultPointSpotStyle1"
           descriptionid=""
           onclick="onclickspotpoint25"
           tooltip="spotpoint25_tooltip"
           />
  <hotspot name="spotpoint25" devices="flash" zorder="3"/>
  <hotspot name="spotpoint25" devices="html5+desktop" zorder="3" zorder2="1"/>
  <hotspot name="spotpoint25" devices="tablet|mobile" zorder2="1"/>
  <action name="onclickspotpoint25">
  
        mainloadscene(pano23);
      lookat(get(panoview.h), get(panoview.v), get(panoview.fov));
    


  </action>

  <action name="hidepanopointspots">
    set(hotspot[spotpoint21].visible, false);
    set(hotspot[spotpoint25].visible, false);
  </action>
  <action name="showpanopointspots">
    set(hotspot[spotpoint21].visible, true);
    set(hotspot[spotpoint25].visible, true);
  </action>
  <events name="pano9stopanimatedspots" onremovepano="stopspotanimation(spotpoint21);stopspotanimation(spotpoint25);" />


  <action name="showpanospotsaction">
    if (tour_displayspots,
    showpanopointspots();
    );
  </action>
  <action name="hidepanospotsaction">
    hidepanopointspots();
  </action>


  <action name="setzorder2onstandardspots">
    if (device.html5,
      ifnot (device.desktop,


        tween(hotspot[spotpoint21].zorder2, %1);

        tween(hotspot[spotpoint25].zorder2, %1);

      );
    );
  </action>


</scene>



<!-- **** @PanoName="kitchen" @PanoFile="D:/work/1404/22.abdoli(vahede tabaghe 5)/render/1/tarhe 1 mr abdoli_3.png" **** -->
<scene name="pano11"
       heading="-2.99999999999994"
       group="panogroup52"
       thumburl="%FIRSTXML%/ashpaz_khane_11/thumbnail.jpg"
       backgroundsound=""
       backgroundsoundloops="0"
       titleid="pano11_title"
       descriptionid=""
       multires="true"
       planar="false"
       full360="true"
       seen="false">


    <autorotate horizon="0.000000" tofov="99.000000" waittime="1" speed="5"/>

    <panoview h="0.000000" v="0.000000" fov="99.000000" hmin="-180" hmax="180" vmin="-90" vmax="90" fovmax="100" />

    <view fisheye="0"
          limitview="range"
          hlookatmin="-180"
          hlookatmax="180"
          vlookatmin="-90"
          vlookatmax="90"
          maxpixelzoom=""
          fovmin="99"
          fovmax="100"
          fov="99.000000"
          hlookat="0.000000"
          vlookat="0.000000"/>

    <preview url="%FIRSTXML%/ashpaz_khane_11/preview.jpg" type="CUBESTRIP" striporder="FRBLUD"/>

    <image type="CUBE" multires="true" baseindex="0" tilesize="512" devices="!androidstock|webgl">
      <level tiledimagewidth="1274" tiledimageheight="1274">
          <front url="ashpaz_khane_11/0/1/%v_%u.jpg"/>
          <right url="ashpaz_khane_11/1/1/%v_%u.jpg"/>
          <back  url="ashpaz_khane_11/2/1/%v_%u.jpg"/>
          <left  url="ashpaz_khane_11/3/1/%v_%u.jpg"/>
          <up    url="ashpaz_khane_11/4/1/%v_%u.jpg"/>
          <down  url="ashpaz_khane_11/5/1/%v_%u.jpg"/>
      </level>
      <level tiledimagewidth="637" tiledimageheight="637">
          <front url="ashpaz_khane_11/0/0/%v_%u.jpg"/>
          <right url="ashpaz_khane_11/1/0/%v_%u.jpg"/>
          <back  url="ashpaz_khane_11/2/0/%v_%u.jpg"/>
          <left  url="ashpaz_khane_11/3/0/%v_%u.jpg"/>
          <up    url="ashpaz_khane_11/4/0/%v_%u.jpg"/>
          <down  url="ashpaz_khane_11/5/0/%v_%u.jpg"/>
      </level>
    </image>
      <image type="CUBE" devices="androidstock+!webgl">
        <front url="ashpaz_khane_11/mobile/0.jpg"/>
        <right url="ashpaz_khane_11/mobile/1.jpg"/>
        <back  url="ashpaz_khane_11/mobile/2.jpg"/>
        <left  url="ashpaz_khane_11/mobile/3.jpg"/>
        <up    url="ashpaz_khane_11/mobile/4.jpg"/>
        <down  url="ashpaz_khane_11/mobile/5.jpg"/>
      </image>



  <!-- **** 2 Point Spots **** -->

  <hotspot name="spotpoint22"
           ath="2.851210" atv="0.570785"
           visible="true"
           style="IconDefaultPointSpotStyle1"
           descriptionid=""
           onclick="onclickspotpoint22"
           tooltip="spotpoint22_tooltip"
           />
  <hotspot name="spotpoint22" devices="flash" zorder="3"/>
  <hotspot name="spotpoint22" devices="html5+desktop" zorder="3" zorder2="1"/>
  <hotspot name="spotpoint22" devices="tablet|mobile" zorder2="1"/>
  <action name="onclickspotpoint22">
  
        mainloadscene(pano9);
      lookat(get(panoview.h), get(panoview.v), get(panoview.fov));
    


  </action>

  <hotspot name="spotpoint27"
           ath="-45.427684" atv="0.570785"
           visible="true"
           style="IconDefaultPointSpotStyle1"
           descriptionid=""
           onclick="onclickspotpoint27"
           tooltip="spotpoint27_tooltip"
           />
  <hotspot name="spotpoint27" devices="flash" zorder="3"/>
  <hotspot name="spotpoint27" devices="html5+desktop" zorder="3" zorder2="1"/>
  <hotspot name="spotpoint27" devices="tablet|mobile" zorder2="1"/>
  <action name="onclickspotpoint27">
  
        mainloadscene(pano23);
      lookat(get(panoview.h), get(panoview.v), get(panoview.fov));
    


  </action>

  <action name="hidepanopointspots">
    set(hotspot[spotpoint22].visible, false);
    set(hotspot[spotpoint27].visible, false);
  </action>
  <action name="showpanopointspots">
    set(hotspot[spotpoint22].visible, true);
    set(hotspot[spotpoint27].visible, true);
  </action>
  <events name="pano11stopanimatedspots" onremovepano="stopspotanimation(spotpoint22);stopspotanimation(spotpoint27);" />


  <action name="showpanospotsaction">
    if (tour_displayspots,
    showpanopointspots();
    );
  </action>
  <action name="hidepanospotsaction">
    hidepanopointspots();
  </action>


  <action name="setzorder2onstandardspots">
    if (device.html5,
      ifnot (device.desktop,


        tween(hotspot[spotpoint22].zorder2, %1);

        tween(hotspot[spotpoint27].zorder2, %1);

      );
    );
  </action>


</scene>



<!-- **** @PanoName="tv wall" @PanoFile="D:/work/1404/22.abdoli(vahede tabaghe 5)/render/1/tarhe 1 mr abdoli_2.png" **** -->
<scene name="pano23"
       heading="98.8000000000029"
       group="panogroup52"
       thumburl="%FIRSTXML%/tv_wall_23/thumbnail.jpg"
       backgroundsound=""
       backgroundsoundloops="0"
       titleid="pano23_title"
       descriptionid=""
       multires="true"
       planar="false"
       full360="true"
       seen="false">


    <autorotate horizon="0.000000" tofov="90.000000" waittime="1" speed="5"/>

    <panoview h="0.000000" v="0.000000" fov="90.000000" hmin="-180" hmax="180" vmin="-90" vmax="90" fovmax="90" />

    <view fisheye="0"
          limitview="range"
          hlookatmin="-180"
          hlookatmax="180"
          vlookatmin="-90"
          vlookatmax="90"
          maxpixelzoom="1.0"
          fovmax="90"
          fov="90.000000"
          hlookat="0.000000"
          vlookat="0.000000"/>

    <preview url="%FIRSTXML%/tv_wall_23/preview.jpg" type="CUBESTRIP" striporder="FRBLUD"/>

    <image type="CUBE" multires="true" baseindex="0" tilesize="512" devices="!androidstock|webgl">
      <level tiledimagewidth="1274" tiledimageheight="1274">
          <front url="tv_wall_23/0/1/%v_%u.jpg"/>
          <right url="tv_wall_23/1/1/%v_%u.jpg"/>
          <back  url="tv_wall_23/2/1/%v_%u.jpg"/>
          <left  url="tv_wall_23/3/1/%v_%u.jpg"/>
          <up    url="tv_wall_23/4/1/%v_%u.jpg"/>
          <down  url="tv_wall_23/5/1/%v_%u.jpg"/>
      </level>
      <level tiledimagewidth="637" tiledimageheight="637">
          <front url="tv_wall_23/0/0/%v_%u.jpg"/>
          <right url="tv_wall_23/1/0/%v_%u.jpg"/>
          <back  url="tv_wall_23/2/0/%v_%u.jpg"/>
          <left  url="tv_wall_23/3/0/%v_%u.jpg"/>
          <up    url="tv_wall_23/4/0/%v_%u.jpg"/>
          <down  url="tv_wall_23/5/0/%v_%u.jpg"/>
      </level>
    </image>
      <image type="CUBE" devices="androidstock+!webgl">
        <front url="tv_wall_23/mobile/0.jpg"/>
        <right url="tv_wall_23/mobile/1.jpg"/>
        <back  url="tv_wall_23/mobile/2.jpg"/>
        <left  url="tv_wall_23/mobile/3.jpg"/>
        <up    url="tv_wall_23/mobile/4.jpg"/>
        <down  url="tv_wall_23/mobile/5.jpg"/>
      </image>



  <!-- **** 5 Point Spots **** -->

  <hotspot name="spotpoint26"
           ath="-0.190083" atv="0.951304"
           visible="true"
           style="IconDefaultPointSpotStyle1"
           descriptionid=""
           onclick="onclickspotpoint26"
           tooltip="spotpoint26_tooltip"
           />
  <hotspot name="spotpoint26" devices="flash" zorder="3"/>
  <hotspot name="spotpoint26" devices="html5+desktop" zorder="3" zorder2="1"/>
  <hotspot name="spotpoint26" devices="tablet|mobile" zorder2="1"/>
  <action name="onclickspotpoint26">
  
        mainloadscene(pano9);
      lookat(get(panoview.h), get(panoview.v), get(panoview.fov));
    


  </action>

  <hotspot name="spotpoint28"
           ath="46.188004" atv="0.190265"
           visible="true"
           style="IconDefaultPointSpotStyle1"
           descriptionid=""
           onclick="onclickspotpoint28"
           tooltip="spotpoint28_tooltip"
           />
  <hotspot name="spotpoint28" devices="flash" zorder="3"/>
  <hotspot name="spotpoint28" devices="html5+desktop" zorder="3" zorder2="1"/>
  <hotspot name="spotpoint28" devices="tablet|mobile" zorder2="1"/>
  <action name="onclickspotpoint28">
  
        mainloadscene(pano11);
      lookat(get(panoview.h), get(panoview.v), get(panoview.fov));
    


  </action>

  <hotspot name="spotpoint33"
           ath="95.227196" atv="-2.854080"
           visible="true"
           style="IconDefaultPointSpotStyle1"
           descriptionid=""
           onclick="onclickspotpoint33"
           tooltip="spotpoint33_tooltip"
           />
  <hotspot name="spotpoint33" devices="flash" zorder="3"/>
  <hotspot name="spotpoint33" devices="html5+desktop" zorder="3" zorder2="1"/>
  <hotspot name="spotpoint33" devices="tablet|mobile" zorder2="1"/>
  <action name="onclickspotpoint33">
  
        mainloadscene(pano29);
      lookat(get(panoview.h), get(panoview.v), get(panoview.fov));
    


  </action>

  <hotspot name="spotpoint36"
           ath="174.677768" atv="-3.234599"
           visible="true"
           style="IconDefaultPointSpotStyle1"
           descriptionid=""
           onclick="onclickspotpoint36"
           tooltip="spotpoint36_tooltip"
           />
  <hotspot name="spotpoint36" devices="flash" zorder="3"/>
  <hotspot name="spotpoint36" devices="html5+desktop" zorder="3" zorder2="1"/>
  <hotspot name="spotpoint36" devices="tablet|mobile" zorder2="1"/>
  <action name="onclickspotpoint36">
  
        mainloadscene(pano34);
      lookat(get(panoview.h), get(panoview.v), get(panoview.fov));
    


  </action>

  <hotspot name="spotpoint40"
           ath="-170.496288" atv="-5.898601"
           visible="true"
           style="IconDefaultPointSpotStyle1"
           descriptionid=""
           onclick="onclickspotpoint40"
           tooltip="spotpoint40_tooltip"
           />
  <hotspot name="spotpoint40" devices="flash" zorder="3"/>
  <hotspot name="spotpoint40" devices="html5+desktop" zorder="3" zorder2="1"/>
  <hotspot name="spotpoint40" devices="tablet|mobile" zorder2="1"/>
  <action name="onclickspotpoint40">
  
        mainloadscene(pano38);
      lookat(get(panoview.h), get(panoview.v), get(panoview.fov));
    


  </action>

  <action name="hidepanopointspots">
    set(hotspot[spotpoint26].visible, false);
    set(hotspot[spotpoint28].visible, false);
    set(hotspot[spotpoint33].visible, false);
    set(hotspot[spotpoint36].visible, false);
    set(hotspot[spotpoint40].visible, false);
  </action>
  <action name="showpanopointspots">
    set(hotspot[spotpoint26].visible, true);
    set(hotspot[spotpoint28].visible, true);
    set(hotspot[spotpoint33].visible, true);
    set(hotspot[spotpoint36].visible, true);
    set(hotspot[spotpoint40].visible, true);
  </action>
  <events name="pano23stopanimatedspots" onremovepano="stopspotanimation(spotpoint26);stopspotanimation(spotpoint28);stopspotanimation(spotpoint33);stopspotanimation(spotpoint36);stopspotanimation(spotpoint40);" />


  <action name="showpanospotsaction">
    if (tour_displayspots,
    showpanopointspots();
    );
  </action>
  <action name="hidepanospotsaction">
    hidepanopointspots();
  </action>


  <action name="setzorder2onstandardspots">
    if (device.html5,
      ifnot (device.desktop,


        tween(hotspot[spotpoint26].zorder2, %1);

        tween(hotspot[spotpoint28].zorder2, %1);

        tween(hotspot[spotpoint33].zorder2, %1);

        tween(hotspot[spotpoint36].zorder2, %1);

        tween(hotspot[spotpoint40].zorder2, %1);

      );
    );
  </action>


</scene>



<!-- **** @PanoName="room 01" @PanoFile="D:/work/1404/22.abdoli(vahede tabaghe 5)/render/1/tarhe 1 mr abdoli_6.png" **** -->
<scene name="pano29"
       heading="0"
       group="panogroup52"
       thumburl="%FIRSTXML%/room_1_29/thumbnail.jpg"
       backgroundsound=""
       backgroundsoundloops="0"
       titleid="pano29_title"
       descriptionid=""
       multires="true"
       planar="false"
       full360="true"
       seen="false">


    <autorotate horizon="0.000000" tofov="90.000000" waittime="1" speed="5"/>

    <panoview h="0.000000" v="0.000000" fov="90.000000" hmin="-180" hmax="180" vmin="-90" vmax="90" fovmax="90" />

    <view fisheye="0"
          limitview="range"
          hlookatmin="-180"
          hlookatmax="180"
          vlookatmin="-90"
          vlookatmax="90"
          maxpixelzoom="1.0"
          fovmax="90"
          fov="90.000000"
          hlookat="0.000000"
          vlookat="0.000000"/>

    <preview url="%FIRSTXML%/room_1_29/preview.jpg" type="CUBESTRIP" striporder="FRBLUD"/>

    <image type="CUBE" multires="true" baseindex="0" tilesize="512" devices="!androidstock|webgl">
      <level tiledimagewidth="1274" tiledimageheight="1274">
          <front url="room_1_29/0/1/%v_%u.jpg"/>
          <right url="room_1_29/1/1/%v_%u.jpg"/>
          <back  url="room_1_29/2/1/%v_%u.jpg"/>
          <left  url="room_1_29/3/1/%v_%u.jpg"/>
          <up    url="room_1_29/4/1/%v_%u.jpg"/>
          <down  url="room_1_29/5/1/%v_%u.jpg"/>
      </level>
      <level tiledimagewidth="637" tiledimageheight="637">
          <front url="room_1_29/0/0/%v_%u.jpg"/>
          <right url="room_1_29/1/0/%v_%u.jpg"/>
          <back  url="room_1_29/2/0/%v_%u.jpg"/>
          <left  url="room_1_29/3/0/%v_%u.jpg"/>
          <up    url="room_1_29/4/0/%v_%u.jpg"/>
          <down  url="room_1_29/5/0/%v_%u.jpg"/>
      </level>
    </image>
      <image type="CUBE" devices="androidstock+!webgl">
        <front url="room_1_29/mobile/0.jpg"/>
        <right url="room_1_29/mobile/1.jpg"/>
        <back  url="room_1_29/mobile/2.jpg"/>
        <left  url="room_1_29/mobile/3.jpg"/>
        <up    url="room_1_29/mobile/4.jpg"/>
        <down  url="room_1_29/mobile/5.jpg"/>
      </image>



  <!-- **** 1 Point Spots **** -->

  <hotspot name="spotpoint32"
           ath="-7.412757" atv="-2.854080"
           visible="true"
           style="IconDefaultPointSpotStyle1"
           descriptionid=""
           onclick="onclickspotpoint32"
           tooltip="spotpoint32_tooltip"
           />
  <hotspot name="spotpoint32" devices="flash" zorder="3"/>
  <hotspot name="spotpoint32" devices="html5+desktop" zorder="3" zorder2="1"/>
  <hotspot name="spotpoint32" devices="tablet|mobile" zorder2="1"/>
  <action name="onclickspotpoint32">
  
        mainloadscene(pano23);
      lookat(get(panoview.h), get(panoview.v), get(panoview.fov));
    


  </action>

  <action name="hidepanopointspots">
    set(hotspot[spotpoint32].visible, false);
  </action>
  <action name="showpanopointspots">
    set(hotspot[spotpoint32].visible, true);
  </action>
  <events name="pano29stopanimatedspots" onremovepano="stopspotanimation(spotpoint32);" />


  <action name="showpanospotsaction">
    if (tour_displayspots,
    showpanopointspots();
    );
  </action>
  <action name="hidepanospotsaction">
    hidepanopointspots();
  </action>


  <action name="setzorder2onstandardspots">
    if (device.html5,
      ifnot (device.desktop,


        tween(hotspot[spotpoint32].zorder2, %1);

      );
    );
  </action>


</scene>



<!-- **** @PanoName="room 02" @PanoFile="D:/work/1404/22.abdoli(vahede tabaghe 5)/render/1/tarhe 1 mr abdoli_5.png" **** -->
<scene name="pano34"
       heading="90.8000000000027"
       group="panogroup52"
       thumburl="%FIRSTXML%/room_02_34/thumbnail.jpg"
       backgroundsound=""
       backgroundsoundloops="0"
       titleid="pano34_title"
       descriptionid=""
       multires="true"
       planar="false"
       full360="true"
       seen="false">


    <autorotate horizon="0.000000" tofov="90.000000" waittime="1" speed="5"/>

    <panoview h="0.000000" v="0.000000" fov="90.000000" hmin="-180" hmax="180" vmin="-90" vmax="90" fovmax="90" />

    <view fisheye="0"
          limitview="range"
          hlookatmin="-180"
          hlookatmax="180"
          vlookatmin="-90"
          vlookatmax="90"
          maxpixelzoom="1.0"
          fovmax="90"
          fov="90.000000"
          hlookat="0.000000"
          vlookat="0.000000"/>

    <preview url="%FIRSTXML%/room_02_34/preview.jpg" type="CUBESTRIP" striporder="FRBLUD"/>

    <image type="CUBE" multires="true" baseindex="0" tilesize="512" devices="!androidstock|webgl">
      <level tiledimagewidth="1274" tiledimageheight="1274">
          <front url="room_02_34/0/1/%v_%u.jpg"/>
          <right url="room_02_34/1/1/%v_%u.jpg"/>
          <back  url="room_02_34/2/1/%v_%u.jpg"/>
          <left  url="room_02_34/3/1/%v_%u.jpg"/>
          <up    url="room_02_34/4/1/%v_%u.jpg"/>
          <down  url="room_02_34/5/1/%v_%u.jpg"/>
      </level>
      <level tiledimagewidth="637" tiledimageheight="637">
          <front url="room_02_34/0/0/%v_%u.jpg"/>
          <right url="room_02_34/1/0/%v_%u.jpg"/>
          <back  url="room_02_34/2/0/%v_%u.jpg"/>
          <left  url="room_02_34/3/0/%v_%u.jpg"/>
          <up    url="room_02_34/4/0/%v_%u.jpg"/>
          <down  url="room_02_34/5/0/%v_%u.jpg"/>
      </level>
    </image>
      <image type="CUBE" devices="androidstock+!webgl">
        <front url="room_02_34/mobile/0.jpg"/>
        <right url="room_02_34/mobile/1.jpg"/>
        <back  url="room_02_34/mobile/2.jpg"/>
        <left  url="room_02_34/mobile/3.jpg"/>
        <up    url="room_02_34/mobile/4.jpg"/>
        <down  url="room_02_34/mobile/5.jpg"/>
      </image>



  <!-- **** 1 Point Spots **** -->

  <hotspot name="spotpoint37"
           ath="1.330569" atv="-5.137380"
           visible="true"
           style="IconDefaultPointSpotStyle1"
           descriptionid=""
           onclick="onclickspotpoint37"
           tooltip="spotpoint37_tooltip"
           />
  <hotspot name="spotpoint37" devices="flash" zorder="3"/>
  <hotspot name="spotpoint37" devices="html5+desktop" zorder="3" zorder2="1"/>
  <hotspot name="spotpoint37" devices="tablet|mobile" zorder2="1"/>
  <action name="onclickspotpoint37">
  
        mainloadscene(pano23);
      lookat(get(panoview.h), get(panoview.v), get(panoview.fov));
    


  </action>

  <action name="hidepanopointspots">
    set(hotspot[spotpoint37].visible, false);
  </action>
  <action name="showpanopointspots">
    set(hotspot[spotpoint37].visible, true);
  </action>
  <events name="pano34stopanimatedspots" onremovepano="stopspotanimation(spotpoint37);" />


  <action name="showpanospotsaction">
    if (tour_displayspots,
    showpanopointspots();
    );
  </action>
  <action name="hidepanospotsaction">
    hidepanopointspots();
  </action>


  <action name="setzorder2onstandardspots">
    if (device.html5,
      ifnot (device.desktop,


        tween(hotspot[spotpoint37].zorder2, %1);

      );
    );
  </action>


</scene>



<!-- **** @PanoName="room 03" @PanoFile="D:/work/1404/22.abdoli(vahede tabaghe 5)/render/1/tarhe 1 mr abdoli_4.png" **** -->
<scene name="pano38"
       heading="-96.3999999999958"
       group="panogroup52"
       thumburl="%FIRSTXML%/room_03_38/thumbnail.jpg"
       backgroundsound=""
       backgroundsoundloops="0"
       titleid="pano38_title"
       descriptionid=""
       multires="true"
       planar="false"
       full360="true"
       seen="false">


    <autorotate horizon="0.000000" tofov="90.000000" waittime="1" speed="5"/>

    <panoview h="0.000000" v="0.000000" fov="90.000000" hmin="-180" hmax="180" vmin="-90" vmax="90" fovmax="90" />

    <view fisheye="0"
          limitview="range"
          hlookatmin="-180"
          hlookatmax="180"
          vlookatmin="-90"
          vlookatmax="90"
          maxpixelzoom="1.0"
          fovmax="90"
          fov="90.000000"
          hlookat="0.000000"
          vlookat="0.000000"/>

    <preview url="%FIRSTXML%/room_03_38/preview.jpg" type="CUBESTRIP" striporder="FRBLUD"/>

    <image type="CUBE" multires="true" baseindex="0" tilesize="512" devices="!androidstock|webgl">
      <level tiledimagewidth="1274" tiledimageheight="1274">
          <front url="room_03_38/0/1/%v_%u.jpg"/>
          <right url="room_03_38/1/1/%v_%u.jpg"/>
          <back  url="room_03_38/2/1/%v_%u.jpg"/>
          <left  url="room_03_38/3/1/%v_%u.jpg"/>
          <up    url="room_03_38/4/1/%v_%u.jpg"/>
          <down  url="room_03_38/5/1/%v_%u.jpg"/>
      </level>
      <level tiledimagewidth="637" tiledimageheight="637">
          <front url="room_03_38/0/0/%v_%u.jpg"/>
          <right url="room_03_38/1/0/%v_%u.jpg"/>
          <back  url="room_03_38/2/0/%v_%u.jpg"/>
          <left  url="room_03_38/3/0/%v_%u.jpg"/>
          <up    url="room_03_38/4/0/%v_%u.jpg"/>
          <down  url="room_03_38/5/0/%v_%u.jpg"/>
      </level>
    </image>
      <image type="CUBE" devices="androidstock+!webgl">
        <front url="room_03_38/mobile/0.jpg"/>
        <right url="room_03_38/mobile/1.jpg"/>
        <back  url="room_03_38/mobile/2.jpg"/>
        <left  url="room_03_38/mobile/3.jpg"/>
        <up    url="room_03_38/mobile/4.jpg"/>
        <down  url="room_03_38/mobile/5.jpg"/>
      </image>



  <!-- **** 1 Point Spots **** -->

  <hotspot name="spotpoint41"
           ath="-155.290391" atv="-2.854080"
           visible="true"
           style="IconDefaultPointSpotStyle1"
           descriptionid=""
           onclick="onclickspotpoint41"
           tooltip="spotpoint41_tooltip"
           />
  <hotspot name="spotpoint41" devices="flash" zorder="3"/>
  <hotspot name="spotpoint41" devices="html5+desktop" zorder="3" zorder2="1"/>
  <hotspot name="spotpoint41" devices="tablet|mobile" zorder2="1"/>
  <action name="onclickspotpoint41">
  
        mainloadscene(pano23);
      lookat(get(panoview.h), get(panoview.v), get(panoview.fov));
    


  </action>

  <action name="hidepanopointspots">
    set(hotspot[spotpoint41].visible, false);
  </action>
  <action name="showpanopointspots">
    set(hotspot[spotpoint41].visible, true);
  </action>
  <events name="pano38stopanimatedspots" onremovepano="stopspotanimation(spotpoint41);" />


  <action name="showpanospotsaction">
    if (tour_displayspots,
    showpanopointspots();
    );
  </action>
  <action name="hidepanospotsaction">
    hidepanopointspots();
  </action>


  <action name="setzorder2onstandardspots">
    if (device.html5,
      ifnot (device.desktop,


        tween(hotspot[spotpoint41].zorder2, %1);

      );
    );
  </action>


</scene>




  <!-- Awake HTML5 plugins -->
  <events name="eventKrpanoLoadedEvts" onxmlcomplete="eventKrpanoLoadedAction();" keep="true" />
  <action name="eventKrpanoLoadedAction">
    
    set(events[eventKrpanoLoadedEvts].name, null);
    js(eventKrpanoLoaded());
  </action>

</krpano>

